[
    {
        "Id" : 1,
        "Bus Name" : "Green Line",
        "From": "Delhi",
        "To": "Jaipur",
        "Dept. Time": "10:00 PM",
        "Coach Type": "AC",
        "Seats Available": 36,
        "Fare": 1000,
        "Days": ["Monday","Wednesday","Friday","Sunday"],
        "Class": "Economy"
    },
    {
        "Id" : 2,
        "Bus Name" : "Blue Line",
        "From": "Jaipur",
        "To": "Delhi",
        "Dept. Time": "9:00 AM",
        "Coach Type": "Non-AC",
        "Seats Available": 36,
        "Fare": 900,
        "Days": ["Tuesday","Thursday","Friday","Saturday","Sunday"],
        "Class": "Economy"
    },
    {
        "Id" : 3,
        "Bus Name" : "Red Line",
        "From": "Jaipur",
        "To": "Delhi",
        "Dept. Time": "7:00 AM",
        "Coach Type": "AC",
        "Seats Available": 36,
        "Fare": 1200,
        "Days": ["Tuesday","Thursday","Friday","Saturday","Sunday"],
        "Class": "Economy"
    },
    {
        "Id" : 4,
        "Bus Name" : "Purple Line",
        "From": "Delhi",
        "To": "Jaipur",
        "Dept. Time": "11:00 PM",
        "Coach Type": "AC",
        "Seats Available": 36,
        "Fare": 1300,
        "Days": ["Tuesday","Thursday","Friday","Saturday","Sunday"],
        "Class": "Economy"
    },
    {
        "Id" : 5,
        "Bus Name" : "Orange Line",
        "From": "Ajmer",
        "To": "Delhi",
        "Dept. Time": "5:00 AM",
        "Coach Type": "AC",
        "Seats Available": 36,
        "Fare": 1100,
        "Days": ["Monday","Thursday","Saturday","Sunday"],
        "Class": "Economy"
    }
]